Query_ID	Target_ID	Optimal_offset	p-value	E-value	q-value	Overlap	Query_consensus	Target_consensus	Orientation
1	1	0	0	0	0	20	TCTCAGAGCGCGCCTAATTC	TCTCAGAGCGCGCCTAATTC	+
1	5	1	1.54618e-15	1.54618e-14	1.54618e-14	19	TCTCAGAGCGCGCCTAATTC	ATCGCAGAGCCGTCCTAATT	+
1	3	-2	6.00406e-13	6.00406e-12	4.00271e-12	18	TCTCAGAGCGCGCCTAATTC	CTTGAGCGCTCCTAATTGAC	+
1	7	-1	1.05873e-12	1.05873e-11	5.29363e-12	19	TCTCAGAGCGCGCCTAATTC	GTCTCAGCGATCCTAATTGA	+
1	6	-3	5.32293e-11	5.32293e-10	2.12917e-10	17	TCTCAGAGCGCGCCTAATTC	ATAAGCTATCCTAATTCGTA	+
1	9	-4	1.21009e-10	1.21009e-09	4.03363e-10	16	TCTCAGAGCGCGCCTAATTC	TGAGCGGTCCTAATTCTGTA	+
1	4	-5	3.7444e-10	3.7444e-09	1.06983e-09	15	TCTCAGAGCGCGCCTAATTC	GGCCAATCCTAATTCTCCAA	+
1	10	-7	4.72198e-08	4.72198e-07	1.18049e-07	13	TCTCAGAGCGCGCCTAATTC	CAGCTCCTAATTCGGGACGT	+
1	2	-6	8.08325e-08	8.08325e-07	1.79628e-07	14	TCTCAGAGCGCGCCTAATTC	TGTGCTCCTAATTGGGGAGG	+
1	8	-8	1.92431e-06	1.92431e-05	3.84863e-06	12	TCTCAGAGCGCGCCTAATTC	AGTTTCTAATTCACAGAGAT	+
2	2	0	0	0	0	20	TGTGCTCCTAATTGGGGAGG	TGTGCTCCTAATTGGGGAGG	+
2	6	3	6.55386e-11	6.55386e-10	6.55386e-10	17	TGTGCTCCTAATTGGGGAGG	ATAAGCTATCCTAATTCGTA	+
2	9	2	1.45062e-10	1.45062e-09	9.67078e-10	18	TGTGCTCCTAATTGGGGAGG	TGAGCGGTCCTAATTCTGTA	+
2	4	1	2.12227e-10	2.12227e-09	1.06113e-09	19	TGTGCTCCTAATTGGGGAGG	GGCCAATCCTAATTCTCCAA	+
2	10	-1	3.07088e-10	3.07088e-09	1.22835e-09	19	TGTGCTCCTAATTGGGGAGG	CAGCTCCTAATTCGGGACGT	+
2	3	4	4.39523e-10	4.39523e-09	1.46508e-09	16	TGTGCTCCTAATTGGGGAGG	CTTGAGCGCTCCTAATTGAC	+
2	5	7	3.01267e-09	3.01267e-08	8.60763e-09	13	TGTGCTCCTAATTGGGGAGG	ATCGCAGAGCCGTCCTAATT	+
2	7	5	5.25687e-09	5.25687e-08	1.31422e-08	15	TGTGCTCCTAATTGGGGAGG	GTCTCAGCGATCCTAATTGA	+
2	1	6	6.83893e-09	6.83893e-08	1.51976e-08	14	TGTGCTCCTAATTGGGGAGG	TCTCAGAGCGCGCCTAATTC	+
2	8	-2	1.78827e-08	1.78827e-07	3.57654e-08	18	TGTGCTCCTAATTGGGGAGG	AGTTTCTAATTCACAGAGAT	+
3	3	0	0	0	0	20	CTTGAGCGCTCCTAATTGAC	CTTGAGCGCTCCTAATTGAC	+
3	7	1	1.23673e-14	1.23673e-13	1.23673e-13	19	CTTGAGCGCTCCTAATTGAC	GTCTCAGCGATCCTAATTGA	+
3	6	-1	6.12162e-12	6.12162e-11	4.08108e-11	19	CTTGAGCGCTCCTAATTGAC	ATAAGCTATCCTAATTCGTA	+
3	9	-2	1.01462e-11	1.01462e-10	5.07308e-11	18	CTTGAGCGCTCCTAATTGAC	TGAGCGGTCCTAATTCTGTA	+
3	1	2	2.63437e-11	2.63437e-10	1.05375e-10	18	CTTGAGCGCTCCTAATTGAC	TCTCAGAGCGCGCCTAATTC	+
3	5	3	4.13153e-11	4.13153e-10	1.37718e-10	17	CTTGAGCGCTCCTAATTGAC	ATCGCAGAGCCGTCCTAATT	+
3	4	-3	3.0736e-10	3.0736e-09	8.78172e-10	17	CTTGAGCGCTCCTAATTGAC	GGCCAATCCTAATTCTCCAA	+
3	2	-4	1.68382e-08	1.68382e-07	4.20956e-08	16	CTTGAGCGCTCCTAATTGAC	TGTGCTCCTAATTGGGGAGG	+
3	10	-5	3.58226e-08	3.58226e-07	7.96058e-08	15	CTTGAGCGCTCCTAATTGAC	CAGCTCCTAATTCGGGACGT	+
3	8	-6	3.69431e-07	3.69431e-06	7.38863e-07	14	CTTGAGCGCTCCTAATTGAC	AGTTTCTAATTCACAGAGAT	+
4	4	0	0	0	0	20	GGCCAATCCTAATTCTCCAA	GGCCAATCCTAATTCTCCAA	+
4	6	2	8.47226e-13	8.47226e-12	8.47226e-12	18	GGCCAATCCTAATTCTCCAA	ATAAGCTATCCTAATTCGTA	+
4	9	1	2.73266e-12	2.73266e-11	1.82177e-11	19	GGCCAATCCTAATTCTCCAA	TGAGCGGTCCTAATTCTGTA	+
4	3	3	5.92998e-11	5.92998e-10	2.96499e-10	17	GGCCAATCCTAATTCTCCAA	CTTGAGCGCTCCTAATTGAC	+
4	7	4	9.33572e-11	9.33572e-10	3.73429e-10	16	GGCCAATCCTAATTCTCCAA	GTCTCAGCGATCCTAATTGA	+
4	1	5	1.46121e-09	1.46121e-08	4.17487e-09	15	GGCCAATCCTAATTCTCCAA	TCTCAGAGCGCGCCTAATTC	+
4	5	6	1.46121e-09	1.46121e-08	4.17487e-09	14	GGCCAATCCTAATTCTCCAA	ATCGCAGAGCCGTCCTAATT	+
4	10	-2	2.81499e-09	2.81499e-08	7.03748e-09	18	GGCCAATCCTAATTCTCCAA	CAGCTCCTAATTCGGGACGT	+
4	2	-1	3.82608e-09	3.82608e-08	8.5024e-09	19	GGCCAATCCTAATTCTCCAA	TGTGCTCCTAATTGGGGAGG	+
4	8	-3	5.09376e-08	5.09376e-07	1.01875e-07	17	GGCCAATCCTAATTCTCCAA	AGTTTCTAATTCACAGAGAT	+
5	5	0	0	0	0	20	ATCGCAGAGCCGTCCTAATT	ATCGCAGAGCCGTCCTAATT	+
5	1	-1	1.3057e-12	1.3057e-11	1.3057e-11	19	ATCGCAGAGCCGTCCTAATT	TCTCAGAGCGCGCCTAATTC	+
5	3	-3	1.18619e-11	1.18619e-10	7.90795e-11	17	ATCGCAGAGCCGTCCTAATT	CTTGAGCGCTCCTAATTGAC	+
5	7	-2	1.96223e-11	1.96223e-10	9.81117e-11	18	ATCGCAGAGCCGTCCTAATT	GTCTCAGCGATCCTAATTGA	+
5	9	-5	1.88003e-10	1.88003e-09	7.52011e-10	15	ATCGCAGAGCCGTCCTAATT	TGAGCGGTCCTAATTCTGTA	+
5	6	-4	4.16907e-10	4.16907e-09	1.38969e-09	16	ATCGCAGAGCCGTCCTAATT	ATAAGCTATCCTAATTCGTA	+
5	4	-6	2.46968e-09	2.46968e-08	7.05621e-09	14	ATCGCAGAGCCGTCCTAATT	GGCCAATCCTAATTCTCCAA	+
5	10	-8	1.66308e-08	1.66308e-07	4.15769e-08	12	ATCGCAGAGCCGTCCTAATT	CAGCTCCTAATTCGGGACGT	+
5	2	-7	7.46464e-08	7.46464e-07	1.65881e-07	13	ATCGCAGAGCCGTCCTAATT	TGTGCTCCTAATTGGGGAGG	+
5	8	-9	1.55655e-06	1.55655e-05	3.1131e-06	11	ATCGCAGAGCCGTCCTAATT	AGTTTCTAATTCACAGAGAT	+
6	6	0	0	0	0	20	ATAAGCTATCCTAATTCGTA	ATAAGCTATCCTAATTCGTA	+
6	3	1	3.07756e-12	3.07756e-11	3.07756e-11	19	ATAAGCTATCCTAATTCGTA	CTTGAGCGCTCCTAATTGAC	+
6	4	-2	4.00242e-11	4.00242e-10	2.66828e-10	18	ATAAGCTATCCTAATTCGTA	GGCCAATCCTAATTCTCCAA	+
6	9	-1	1.51806e-10	1.51806e-09	7.5903e-10	19	ATAAGCTATCCTAATTCGTA	TGAGCGGTCCTAATTCTGTA	+
6	5	4	2.29315e-10	2.29315e-09	9.1726e-10	16	ATAAGCTATCCTAATTCGTA	ATCGCAGAGCCGTCCTAATT	+
6	7	2	5.0046e-10	5.0046e-09	1.6682e-09	18	ATAAGCTATCCTAATTCGTA	GTCTCAGCGATCCTAATTGA	+
6	1	3	7.23979e-10	7.23979e-09	2.06851e-09	17	ATAAGCTATCCTAATTCGTA	TCTCAGAGCGCGCCTAATTC	+
6	10	-4	1.19605e-08	1.19605e-07	2.99011e-08	16	ATAAGCTATCCTAATTCGTA	CAGCTCCTAATTCGGGACGT	+
6	2	-3	1.54991e-08	1.54991e-07	3.44424e-08	17	ATAAGCTATCCTAATTCGTA	TGTGCTCCTAATTGGGGAGG	+
6	8	-5	1.05704e-07	1.05704e-06	2.11408e-07	15	ATAAGCTATCCTAATTCGTA	AGTTTCTAATTCACAGAGAT	+
7	7	0	0	0	0	20	GTCTCAGCGATCCTAATTGA	GTCTCAGCGATCCTAATTGA	+
7	3	-1	1.10233e-15	1.10233e-14	1.10233e-14	19	GTCTCAGCGATCCTAATTGA	CTTGAGCGCTCCTAATTGAC	+
7	1	1	1.24015e-11	1.24015e-10	6.20077e-11	19	GTCTCAGCGATCCTAATTGA	TCTCAGAGCGCGCCTAATTC	+
7	5	2	1.24015e-11	1.24015e-10	6.20077e-11	18	GTCTCAGCGATCCTAATTGA	ATCGCAGAGCCGTCCTAATT	+
7	6	-2	3.08749e-11	3.08749e-10	1.235e-10	18	GTCTCAGCGATCCTAATTGA	ATAAGCTATCCTAATTCGTA	+
7	9	-3	4.75184e-11	4.75184e-10	1.58395e-10	17	GTCTCAGCGATCCTAATTGA	TGAGCGGTCCTAATTCTGTA	+
7	4	-4	1.23337e-09	1.23337e-08	3.52393e-09	16	GTCTCAGCGATCCTAATTGA	GGCCAATCCTAATTCTCCAA	+
7	10	-6	4.74005e-08	4.74005e-07	1.18501e-07	14	GTCTCAGCGATCCTAATTGA	CAGCTCCTAATTCGGGACGT	+
7	2	-5	7.7124e-08	7.7124e-07	1.71387e-07	15	GTCTCAGCGATCCTAATTGA	TGTGCTCCTAATTGGGGAGG	+
7	8	-7	8.90694e-07	8.90694e-06	1.78139e-06	13	GTCTCAGCGATCCTAATTGA	AGTTTCTAATTCACAGAGAT	+
8	8	0	0	0	0	20	AGTTTCTAATTCACAGAGAT	AGTTTCTAATTCACAGAGAT	+
8	4	3	2.12983e-10	2.12983e-09	2.12983e-09	17	AGTTTCTAATTCACAGAGAT	GGCCAATCCTAATTCTCCAA	+
8	10	1	8.63932e-10	8.63932e-09	4.31966e-09	19	AGTTTCTAATTCACAGAGAT	CAGCTCCTAATTCGGGACGT	+
8	9	4	8.63932e-10	8.63932e-09	4.31966e-09	16	AGTTTCTAATTCACAGAGAT	TGAGCGGTCCTAATTCTGTA	+
8	6	5	2.27013e-09	2.27013e-08	9.08051e-09	15	AGTTTCTAATTCACAGAGAT	ATAAGCTATCCTAATTCGTA	+
8	2	2	9.72753e-09	9.72753e-08	3.24251e-08	18	AGTTTCTAATTCACAGAGAT	TGTGCTCCTAATTGGGGAGG	+
8	3	6	2.12994e-08	2.12994e-07	6.08553e-08	14	AGTTTCTAATTCACAGAGAT	CTTGAGCGCTCCTAATTGAC	+
8	7	7	4.3809e-08	4.3809e-07	1.09523e-07	13	AGTTTCTAATTCACAGAGAT	GTCTCAGCGATCCTAATTGA	+
8	5	9	8.51677e-08	8.51677e-07	1.89262e-07	11	AGTTTCTAATTCACAGAGAT	ATCGCAGAGCCGTCCTAATT	+
8	1	8	1.29158e-07	1.29158e-06	2.58316e-07	12	AGTTTCTAATTCACAGAGAT	TCTCAGAGCGCGCCTAATTC	+
9	9	0	0	0	0	20	TGAGCGGTCCTAATTCTGTA	TGAGCGGTCCTAATTCTGTA	+
9	3	2	6.64323e-12	6.64323e-11	6.64323e-11	18	TGAGCGGTCCTAATTCTGTA	CTTGAGCGCTCCTAATTGAC	+
9	4	-1	1.09447e-11	1.09447e-10	7.2965e-11	19	TGAGCGGTCCTAATTCTGTA	GGCCAATCCTAATTCTCCAA	+
9	5	5	4.46642e-11	4.46642e-10	2.23321e-10	15	TGAGCGGTCCTAATTCTGTA	ATCGCAGAGCCGTCCTAATT	+
9	6	1	6.93193e-11	6.93193e-10	2.31064e-10	19	TGAGCGGTCCTAATTCTGTA	ATAAGCTATCCTAATTCGTA	+
9	7	3	6.93193e-11	6.93193e-10	2.31064e-10	17	TGAGCGGTCCTAATTCTGTA	GTCTCAGCGATCCTAATTGA	+
9	1	4	5.08972e-10	5.08972e-09	1.45421e-09	16	TGAGCGGTCCTAATTCTGTA	TCTCAGAGCGCGCCTAATTC	+
9	10	-3	7.29387e-10	7.29387e-09	1.82347e-09	17	TGAGCGGTCCTAATTCTGTA	CAGCTCCTAATTCGGGACGT	+
9	2	-2	6.40833e-09	6.40833e-08	1.42407e-08	18	TGAGCGGTCCTAATTCTGTA	TGTGCTCCTAATTGGGGAGG	+
9	8	-4	7.89811e-08	7.89811e-07	1.57962e-07	16	TGAGCGGTCCTAATTCTGTA	AGTTTCTAATTCACAGAGAT	+
10	10	0	0	0	0	20	CAGCTCCTAATTCGGGACGT	CAGCTCCTAATTCGGGACGT	+
10	9	3	4.85866e-10	4.85866e-09	4.85866e-09	17	CAGCTCCTAATTCGGGACGT	TGAGCGGTCCTAATTCTGTA	+
10	5	8	2.54435e-09	2.54435e-08	1.69623e-08	12	CAGCTCCTAATTCGGGACGT	ATCGCAGAGCCGTCCTAATT	+
10	4	2	4.53058e-09	4.53058e-08	1.81223e-08	18	CAGCTCCTAATTCGGGACGT	GGCCAATCCTAATTCTCCAA	+
10	6	4	4.53058e-09	4.53058e-08	1.81223e-08	16	CAGCTCCTAATTCGGGACGT	ATAAGCTATCCTAATTCGTA	+
10	3	5	5.9423e-09	5.9423e-08	1.98077e-08	15	CAGCTCCTAATTCGGGACGT	CTTGAGCGCTCCTAATTGAC	+
10	7	6	1.98955e-08	1.98955e-07	5.68443e-08	14	CAGCTCCTAATTCGGGACGT	GTCTCAGCGATCCTAATTGA	+
10	1	7	2.47748e-08	2.47748e-07	6.19369e-08	13	CAGCTCCTAATTCGGGACGT	TCTCAGAGCGCGCCTAATTC	+
10	2	1	5.81942e-08	5.81942e-07	1.2932e-07	19	CAGCTCCTAATTCGGGACGT	TGTGCTCCTAATTGGGGAGG	+
10	8	-1	2.81949e-07	2.81949e-06	5.63897e-07	19	CAGCTCCTAATTCGGGACGT	AGTTTCTAATTCACAGAGAT	+

# Tomtom (Motif Comparison Tool): Version 5.4.1 compiled on Jul 28 2022 at 00:44:54
# The format of this file is described at https://meme-suite.org/meme/doc/tomtom-output-format.html.
# tomtom -oc tomtom_out temp.meme temp.meme
